<assembly xmlns="http://maven.apache.org/plugins/maven-assembly-plugin/assembly/1.1.0"
	xmlns:xsi="http://www.w3.org/2001/XMLSchema-instance"
	xsi:schemaLocation="http://maven.apache.org/plugins/maven-assembly-plugin/assembly/1.1.0 http://maven.apache.org/xsd/assembly-1.1.0.xsd">
	<id>complete</id>
	<formats>
		<format>tar.gz</format>
	</formats>
	<fileSets>
		<fileSet>
			<directory>${project.basedir}</directory>
			<outputDirectory>/</outputDirectory>
			<includes>
				<include>README*</include>
				<include>LICENSE*</include>
				<include>NOTICE*</include>
			</includes>
		</fileSet>
        <fileSet>
            <directory>${project.basedir}/src/main/scripts</directory>
            <outputDirectory>/scripts</outputDirectory>
        </fileSet>
	</fileSets>
	<dependencySets>
		<dependencySet>
		    <unpack>false</unpack>
			<outputDirectory>lib</outputDirectory>
			<useProjectArtifact>true</useProjectArtifact>
			<scope>runtime</scope>
		</dependencySet>
	</dependencySets>
</assembly>