<?xml version="1.0" encoding="UTF-8" ?>
<!DOCTYPE log4j:configuration SYSTEM "log4j.dtd">

<log4j:configuration xmlns:log4j='http://jakarta.apache.org/log4j/'>

	<appender name="FILE" class="org.apache.log4j.DailyRollingFileAppender">
        <!-- suffix is _log4j since supervisord writes to name.log -->
		<param name="File" value="/tmp/ImhotepDaemon_log4j.log" />
		<param name="DatePattern" value="'.'yyyy-MM-dd" />
		<param name="BufferedIO" value="false" />
		<param name="Append" value="true" />
		<layout class="org.apache.log4j.PatternLayout">
			<param name="ConversionPattern" value="%d %-5p [%c{1}] %m%n" />
		</layout>
	</appender>


	<root>
		<priority value="INFO" />
		<appender-ref ref="FILE" />
	</root>

</log4j:configuration>
